{
  "oldParams": true,
  "wave_type": 1,
  "p_env_attack": -0.08844093024017925,
  "p_env_sustain": 0.35264078572352897,
  "p_env_punch": 0.1698858922982822,
  "p_env_decay": 0.6443406711199149,
  "p_base_freq": 0.06057706657560935,
  "p_freq_limit": 0,
  "p_freq_ramp": 0.4720429413201802,
  "p_freq_dramp": 0.04294276158206811,
  "p_vib_strength": -0.9189049600102899,
  "p_vib_speed": 0.5711078696200365,
  "p_arp_mod": -0.2600648671368915,
  "p_arp_speed": -0.9754068038059769,
  "p_duty": -0.7420701049595748,
  "p_duty_ramp": 0.23694517863144643,
  "p_repeat_speed": 0.48925927603950425,
  "p_pha_offset": -0.00034492186353036916,
  "p_pha_ramp": 0.5812779657930283,
  "p_lpf_freq": 0.9924689089758274,
  "p_lpf_ramp": -0.6610180365895271,
  "p_lpf_resonance": 0.824028187333341,
  "p_hpf_freq": 0.46983135119804104,
  "p_hpf_ramp": 0.06738190358780857,
  "sound_vol": 0.25,
  "sample_rate": 44100,
  "sample_size": 16
}